{
    "invalid": {
        "e-mail": "invalidemail@example.com111",
        "firstname": "TestFirstName111",
        "lastname": "TestLastName111",
        "telephone": "invalidphone123",
        "password": "InvalidPass123456",
        "confirm": "InvalidPass123456"
    },
    "valid": {
        "e-mail": "validemail@example.com",
        "firstname": "TestFirstName",
        "lastname": "TestLastName",
        "telephone": "+37499123456",
        "password": "ValidPass123",
        "confirm": "ValidPass123"
    },
    "errMessage": "Invalid E-Mail or Password"
}

